{"cameraMode":{"drawMode":0,"name":"Shaded","section":"Shading Mode"},"sceneLighting":true,"audioPlay":false,"sceneViewState":{"m_AlwaysRefresh":false,"showFog":true,"showSkybox":true,"showFlares":true,"showImageEffects":true,"showParticleSystems":true,"showVisualEffectGraphs":true,"m_FxEnabled":true},"in2DMode":false,"pivot":{"x":0.5879393815994263,"y":-0.004999999888241291,"z":8.23333740234375},"rotation":{"x":-0.09615234285593033,"y":-0.13481682538986207,"z":-0.013095906935632229,"w":0.9861196279525757},"size":14.968700408935547,"orthographic":true}