{"cameraMode":{"drawMode":0,"name":"Shaded","section":"Shading Mode"},"sceneLighting":true,"audioPlay":false,"sceneViewState":{"m_AlwaysRefresh":false,"showFog":true,"showSkybox":true,"showFlares":true,"showImageEffects":true,"showParticleSystems":true,"showVisualEffectGraphs":true,"m_FxEnabled":true},"in2DMode":false,"pivot":{"x":1.7780208587646485,"y":-2.754241943359375,"z":3.1642913818359377},"rotation":{"x":-0.0031665810383856298,"y":-0.9947025775909424,"z":0.03164457529783249,"w":-0.09786380082368851},"size":19.500385284423829,"orthographic":true}